Workbook
Name lst_Sexo: Listas!$A$2:$A$3
Name lst_SiNo: Listas!$B$2:$B$3
Name lst_Nivel: Listas!$C$2:$C$4
Name lst_Objetivo: Listas!$D$2:$D$3
Name lst_Membresia: Listas!$E$2:$E$3
Name lst_Distancia: Listas!$F$2:$F$5
Name lst_Deporte: Listas!$G$2:$G$9
Name lst_Formato: Listas!$H$2:$H$15

Sheet Cómo llenar
B2: Importación de atletas
B4: Atletas | C4: Una fila por atleta.
B5: Marcas | C5: Una fila por marca. Varias por atleta y distancia: se guarda el historial y la más reciente es la referencia de ritmos.
B6: Carreras | C6: Carreras nuevas que se usan como objetivo. Las que ya están en Umbral no hace falta repetirlas.
B8: Encabezado coral | C8: Obligatorio.
B9: Encabezado gris | C9: Automático, no se llena.
B10: Fila amarilla | C10: Ejemplo. Se ignora al importar.
B11: Celda roja | C11: Falta un dato o hay un valor que no cuadra.
B12: Celda gris | C12: No aplica.
B14: Tiempos y ritmos | C14: Como texto: 4:45, 21:30, 1:42:10.
B15: Fechas | C15: dd/mm/aaaa.
B16: Notas de columna | C16: Cada encabezado tiene una nota con su rango válido.

Sheet Atletas
A1: Nombre completo * | B1: Email | C1: Teléfono | D1: Fecha de nacimiento | E1: Sexo | F1: Natación | G1: Ciclismo | H1: Carrera | I1: Gimnasio | J1: Nivel | K1: Días por semana | L1: Horas por semana | M1: Ritmo umbral carrera (min/km) | N1: FTP (W) | O1: Ritmo umbral natación (min/100 m) | P1: FC máxima | Q1: FC reposo | R1: Objetivo * | S1: Carrera objetivo | T1: Deporte de la carrera | U1: Ritmo objetivo (min/km) | V1: Tiempo objetivo (h:mm:ss) | W1: Grupo | X1: Membresía | Y1: Monto mensual | Z1: Moneda | AA1: Enviar invitación
A2: María José López | B2: mariajose@correo.com | C2: 7012-3456 | D2: 33346 | E2: Femenino | F2: Sí | G2: Sí | H2: Sí | I2: No | J2: Intermedio | K2: 5 | L2: 7.5 | M2: 4:50 | N2: 190 | O2: 1:58 | P2: 186 | Q2: 52 | R2: Carrera | S2: Triatlón de la Costa | T2: =IF(S2="","",IFERROR(INDEX(Carreras!$D$2:$D$152,MATCH(S2,Carreras!$A$2:$A$152,0)),"En Umbral")) | V2: 2:45:00 | W2: Triatlón A | X2: Manual | Y2: 40 | Z2: $ | AA2: Sí
T3: =IF(S3="","",IFERROR(INDEX(Carreras!$D$2:$D$152,MATCH(S3,Carreras!$A$2:$A$152,0)),"En Umbral"))
T4: =IF(S4="","",IFERROR(INDEX(Carreras!$D$2:$D$152,MATCH(S4,Carreras!$A$2:$A$152,0)),"En Umbral"))
T5: =IF(S5="","",IFERROR(INDEX(Carreras!$D$2:$D$152,MATCH(S5,Carreras!$A$2:$A$152,0)),"En Umbral"))
T6: =IF(S6="","",IFERROR(INDEX(Carreras!$D$2:$D$152,MATCH(S6,Carreras!$A$2:$A$152,0)),"En Umbral"))
T7: =IF(S7="","",IFERROR(INDEX(Carreras!$D$2:$D$152,MATCH(S7,Carreras!$A$2:$A$152,0)),"En Umbral"))
T8: =IF(S8="","",IFERROR(INDEX(Carreras!$D$2:$D$152,MATCH(S8,Carreras!$A$2:$A$152,0)),"En Umbral"))
T9: =IF(S9="","",IFERROR(INDEX(Carreras!$D$2:$D$152,MATCH(S9,Carreras!$A$2:$A$152,0)),"En Umbral"))
T10: =IF(S10="","",IFERROR(INDEX(Carreras!$D$2:$D$152,MATCH(S10,Carreras!$A$2:$A$152,0)),"En Umbral"))
T11: =IF(S11="","",IFERROR(INDEX(Carreras!$D$2:$D$152,MATCH(S11,Carreras!$A$2:$A$152,0)),"En Umbral"))
T12: =IF(S12="","",IFERROR(INDEX(Carreras!$D$2:$D$152,MATCH(S12,Carreras!$A$2:$A$152,0)),"En Umbral"))
T13: =IF(S13="","",IFERROR(INDEX(Carreras!$D$2:$D$152,MATCH(S13,Carreras!$A$2:$A$152,0)),"En Umbral"))
T14: =IF(S14="","",IFERROR(INDEX(Carreras!$D$2:$D$152,MATCH(S14,Carreras!$A$2:$A$152,0)),"En Umbral"))
... T302: =IF(S302="","",IFERROR(INDEX(Carreras!$D$2:$D$152,MATCH(S302,Carreras!$A$2:$A$152,0)),"En Umbral"))

Sheet Marcas
A1: Atleta * | B1: Distancia * | C1: Tiempo * | D1: Fecha * | E1: Nota | F1: Ritmo (min/km) | G1: ¿Atleta en la hoja?
A2: María José López | B2: 10K | C2: 47:20 | D2: 46187 | E2: Carrera del Sol | F2: =IF(OR(B2="",C2=""),"",IFERROR(INT(ROUND(IFERROR(TIMEVALUE(IF(LEN(C2)-LEN(SUBSTITUTE(C2,":",""))=2,"","0:")&C2)*86400,"")/VALUE(SUBSTITUTE(B2,"K","")),0)/60)&":"&TEXT(MOD(ROUND(IFERROR(TIMEVALUE(IF(LEN(C2)-LEN(SUBSTITUTE(C2,":",""))=2,"","0:")&C2)*86400,"")/VALUE(SUBSTITUTE(B2,"K","")),0),60),"00"),"")) | G2: =IF(A2="","",IF(COUNTIF(Atletas!$A$2:$A$302,A2)>0,"Sí","No"))
F3: =IF(OR(B3="",C3=""),"",IFERROR(INT(ROUND(IFERROR(TIMEVALUE(IF(LEN(C3)-LEN(SUBSTITUTE(C3,":",""))=2,"","0:")&C3)*86400,"")/VALUE(SUBSTITUTE(B3,"K","")),0)/60)&":"&TEXT(MOD(ROUND(IFERROR(TIMEVALUE(IF(LEN(C3)-LEN(SUBSTITUTE(C3,":",""))=2,"","0:")&C3)*86400,"")/VALUE(SUBSTITUTE(B3,"K","")),0),60),"00"),"")) | G3: =IF(A3="","",IF(COUNTIF(Atletas!$A$2:$A$302,A3)>0,"Sí","No"))
F4: =IF(OR(B4="",C4=""),"",IFERROR(INT(ROUND(IFERROR(TIMEVALUE(IF(LEN(C4)-LEN(SUBSTITUTE(C4,":",""))=2,"","0:")&C4)*86400,"")/VALUE(SUBSTITUTE(B4,"K","")),0)/60)&":"&TEXT(MOD(ROUND(IFERROR(TIMEVALUE(IF(LEN(C4)-LEN(SUBSTITUTE(C4,":",""))=2,"","0:")&C4)*86400,"")/VALUE(SUBSTITUTE(B4,"K","")),0),60),"00"),"")) | G4: =IF(A4="","",IF(COUNTIF(Atletas!$A$2:$A$302,A4)>0,"Sí","No"))
F5: =IF(OR(B5="",C5=""),"",IFERROR(INT(ROUND(IFERROR(TIMEVALUE(IF(LEN(C5)-LEN(SUBSTITUTE(C5,":",""))=2,"","0:")&C5)*86400,"")/VALUE(SUBSTITUTE(B5,"K","")),0)/60)&":"&TEXT(MOD(ROUND(IFERROR(TIMEVALUE(IF(LEN(C5)-LEN(SUBSTITUTE(C5,":",""))=2,"","0:")&C5)*86400,"")/VALUE(SUBSTITUTE(B5,"K","")),0),60),"00"),"")) | G5: =IF(A5="","",IF(COUNTIF(Atletas!$A$2:$A$302,A5)>0,"Sí","No"))
F6: =IF(OR(B6="",C6=""),"",IFERROR(INT(ROUND(IFERROR(TIMEVALUE(IF(LEN(C6)-LEN(SUBSTITUTE(C6,":",""))=2,"","0:")&C6)*86400,"")/VALUE(SUBSTITUTE(B6,"K","")),0)/60)&":"&TEXT(MOD(ROUND(IFERROR(TIMEVALUE(IF(LEN(C6)-LEN(SUBSTITUTE(C6,":",""))=2,"","0:")&C6)*86400,"")/VALUE(SUBSTITUTE(B6,"K","")),0),60),"00"),"")) | G6: =IF(A6="","",IF(COUNTIF(Atletas!$A$2:$A$302,A6)>0,"Sí","No"))
F7: =IF(OR(B7="",C7=""),"",IFERROR(INT(ROUND(IFERROR(TIMEVALUE(IF(LEN(C7)-LEN(SUBSTITUTE(C7,":",""))=2,"","0:")&C7)*86400,"")/VALUE(SUBSTITUTE(B7,"K","")),0)/60)&":"&TEXT(MOD(ROUND(IFERROR(TIMEVALUE(IF(LEN(C7)-LEN(SUBSTITUTE(C7,":",""))=2,"","0:")&C7)*86400,"")/VALUE(SUBSTITUTE(B7,"K","")),0),60),"00"),"")) | G7: =IF(A7="","",IF(COUNTIF(Atletas!$A$2:$A$302,A7)>0,"Sí","No"))
F8: =IF(OR(B8="",C8=""),"",IFERROR(INT(ROUND(IFERROR(TIMEVALUE(IF(LEN(C8)-LEN(SUBSTITUTE(C8,":",""))=2,"","0:")&C8)*86400,"")/VALUE(SUBSTITUTE(B8,"K","")),0)/60)&":"&TEXT(MOD(ROUND(IFERROR(TIMEVALUE(IF(LEN(C8)-LEN(SUBSTITUTE(C8,":",""))=2,"","0:")&C8)*86400,"")/VALUE(SUBSTITUTE(B8,"K","")),0),60),"00"),"")) | G8: =IF(A8="","",IF(COUNTIF(Atletas!$A$2:$A$302,A8)>0,"Sí","No"))
F9: =IF(OR(B9="",C9=""),"",IFERROR(INT(ROUND(IFERROR(TIMEVALUE(IF(LEN(C9)-LEN(SUBSTITUTE(C9,":",""))=2,"","0:")&C9)*86400,"")/VALUE(SUBSTITUTE(B9,"K","")),0)/60)&":"&TEXT(MOD(ROUND(IFERROR(TIMEVALUE(IF(LEN(C9)-LEN(SUBSTITUTE(C9,":",""))=2,"","0:")&C9)*86400,"")/VALUE(SUBSTITUTE(B9,"K","")),0),60),"00"),"")) | G9: =IF(A9="","",IF(COUNTIF(Atletas!$A$2:$A$302,A9)>0,"Sí","No"))
F10: =IF(OR(B10="",C10=""),"",IFERROR(INT(ROUND(IFERROR(TIMEVALUE(IF(LEN(C10)-LEN(SUBSTITUTE(C10,":",""))=2,"","0:")&C10)*86400,"")/VALUE(SUBSTITUTE(B10,"K","")),0)/60)&":"&TEXT(MOD(ROUND(IFERROR(TIMEVALUE(IF(LEN(C10)-LEN(SUBSTITUTE(C10,":",""))=2,"","0:")&C10)*86400,"")/VALUE(SUBSTITUTE(B10,"K","")),0),60),"00"),"")) | G10: =IF(A10="","",IF(COUNTIF(Atletas!$A$2:$A$302,A10)>0,"Sí","No"))
F11: =IF(OR(B11="",C11=""),"",IFERROR(INT(ROUND(IFERROR(TIMEVALUE(IF(LEN(C11)-LEN(SUBSTITUTE(C11,":",""))=2,"","0:")&C11)*86400,"")/VALUE(SUBSTITUTE(B11,"K","")),0)/60)&":"&TEXT(MOD(ROUND(IFERROR(TIMEVALUE(IF(LEN(C11)-LEN(SUBSTITUTE(C11,":",""))=2,"","0:")&C11)*86400,"")/VALUE(SUBSTITUTE(B11,"K","")),0),60),"00"),"")) | G11: =IF(A11="","",IF(COUNTIF(Atletas!$A$2:$A$302,A11)>0,"Sí","No"))
F12: =IF(OR(B12="",C12=""),"",IFERROR(INT(ROUND(IFERROR(TIMEVALUE(IF(LEN(C12)-LEN(SUBSTITUTE(C12,":",""))=2,"","0:")&C12)*86400,"")/VALUE(SUBSTITUTE(B12,"K","")),0)/60)&":"&TEXT(MOD(ROUND(IFERROR(TIMEVALUE(IF(LEN(C12)-LEN(SUBSTITUTE(C12,":",""))=2,"","0:")&C12)*86400,"")/VALUE(SUBSTITUTE(B12,"K","")),0),60),"00"),"")) | G12: =IF(A12="","",IF(COUNTIF(Atletas!$A$2:$A$302,A12)>0,"Sí","No"))
F13: =IF(OR(B13="",C13=""),"",IFERROR(INT(ROUND(IFERROR(TIMEVALUE(IF(LEN(C13)-LEN(SUBSTITUTE(C13,":",""))=2,"","0:")&C13)*86400,"")/VALUE(SUBSTITUTE(B13,"K","")),0)/60)&":"&TEXT(MOD(ROUND(IFERROR(TIMEVALUE(IF(LEN(C13)-LEN(SUBSTITUTE(C13,":",""))=2,"","0:")&C13)*86400,"")/VALUE(SUBSTITUTE(B13,"K","")),0),60),"00"),"")) | G13: =IF(A13="","",IF(COUNTIF(Atletas!$A$2:$A$302,A13)>0,"Sí","No"))
F14: =IF(OR(B14="",C14=""),"",IFERROR(INT(ROUND(IFERROR(TIMEVALUE(IF(LEN(C14)-LEN(SUBSTITUTE(C14,":",""))=2,"","0:")&C14)*86400,"")/VALUE(SUBSTITUTE(B14,"K","")),0)/60)&":"&TEXT(MOD(ROUND(IFERROR(TIMEVALUE(IF(LEN(C14)-LEN(SUBSTITUTE(C14,":",""))=2,"","0:")&C14)*86400,"")/VALUE(SUBSTITUTE(B14,"K","")),0),60),"00"),"")) | G14: =IF(A14="","",IF(COUNTIF(Atletas!$A$2:$A$302,A14)>0,"Sí","No"))
... F1502: =IF(OR(B1502="",C1502=""),"",IFERROR(INT(ROUND(IFERROR(TIMEVALUE(IF(LEN(C1502)-LEN(SUBSTITUTE(C1502,":",""))=2,"","0:")&C1502)*86400,"")/VALUE(SUBSTITUTE(B1502,"K","")),0)/60)&":"&TEXT(MOD(ROUND(IFERROR(TIMEVALUE(IF(LEN(C1502)-LEN(SUBSTITUTE(C1502,":",""))=2,"","0:")&C1502)*86400,"")/VALUE(SUBSTITUTE(B1502,"K","")),0),60),"00"),"")) | G1502: =IF(A1502="","",IF(COUNTIF(Atletas!$A$2:$A$302,A1502)>0,"Sí","No"))

Sheet Carreras
A1: Nombre * | B1: Fecha * | C1: Lugar | D1: Deporte * | E1: Formato | F1: Distancia (km) | G1: Desnivel (m+) | H1: Natación (km) | I1: Bici (km) | J1: Carrera (km) | K1: Carrera 1 (km) | L1: Carrera 2 (km) | M1: Metros | N1: Nombre del deporte
A2: Triatlón de la Costa | B2: 46467 | C2: La Libertad | D2: Triatlón | E2: Olímpico

Sheet Listas
A1: Sexo | B1: SiNo | C1: Nivel | D1: Objetivo | E1: Membresia | F1: Distancia | G1: Deporte | H1: Formato
A2: Femenino | B2: Sí | C2: Principiante | D2: Carrera | E2: Manual | F2: 1K | G2: Ruta | H2: 5K
A3: Masculino | B3: No | C3: Intermedio | D3: Mantenimiento | E3: Gratis | F3: 5K | G3: Trail | H3: 10K
C4: Avanzado | F4: 10K | G4: Triatlón | H4: Media maratón
F5: 21K | G5: Duatlón | H5: Maratón
G6: Natación | H6: Sprint
G7: Ciclismo | H7: Olímpico
G8: Hyrox | H8: 70.3
G9: Otra | H9: 140.6
H10: Estándar
H11: Open
H12: Pro
H13: Dobles
H14: Relevos
H15: Otra distancia
